Query_ID	Target_ID	Optimal_offset	p-value	E-value	q-value	Overlap	Query_consensus	Target_consensus	Orientation
TDTWD	Urich	3	0.000626148	0.0344381	0.0344381	5	TTTTT	TTTTTTTT	+
TDTWD	CPEB1	0	0.00267477	0.147113	0.0490375	5	TTTTT	TTTTTAT	+
TDTWD	M025_0.6	1	0.00267477	0.147113	0.0490375	5	TTTTT	ATTTTTT	+
TDTWD	HUR_motif2	2	0.00717276	0.394502	0.0986254	5	TTTTT	TTTGTTT	+
TDTWD	M350_0.6	3	0.0236754	1.30215	0.234019	5	TTTTT	TTATTTATT	+
TDTWD	ARE	4	0.0255294	1.40411	0.234019	5	TTTTT	TTTATTTATT	+
TDTWD	M330_0.6	3	0.036933	2.03132	0.290188	5	TTTTT	TTTTATTTT	+
TDTWD	M227_0.6	2	0.06353	3.49415	0.419778	5	TTTTT	CTTTTCT	+
TDTWD	M120_0.6	0	0.068691	3.77801	0.419778	5	TTTTT	GTTTGGG	+
TNAWW	M195_0.6	0	0.0230258	1.26642	0.945999	5	TGAAA	TCAAAAG	+
TNAWW	M074_0.6	0	0.0343999	1.892	0.945999	5	TGAAA	TGAATGAG	+
TNAWW	M160_0.6	1	0.0614581	3.38019	1	5	TGAAA	ATAAAAG	+
AHWWA	M062_0.6	2	0.00707641	0.389202	0.389202	5	ACAAA	AGAAAAA	+
AHWWA	M262_0.6	1	0.0225297	1.23913	0.433578	5	ACAAA	TACTAAC	+
AHWWA	M160_0.6	2	0.0244002	1.34201	0.433578	5	ACAAA	ATAAAAG	+
AHWWA	M027_0.6	2	0.0394162	2.16789	0.433578	5	ACAAA	ACACACA	+
AHWWA	M144_0.6	0	0.0394162	2.16789	0.433578	5	ACAAA	GAAAACC	+
AHWWA	M195_0.6	0	0.0513159	2.82237	0.467734	5	ACAAA	TCAAAAG	+
AHWWA	M162_0.6	0	0.0595297	3.27414	0.467734	5	ACAAA	AGAAAAT	+
WWTTC	M227_0.6	1	0.00207301	0.114015	0.114015	5	TTTTC	CTTTTCT	+
WWTTC	Urich	0	0.0251608	1.38384	0.395329	5	TTTTC	TTTTTTTT	+
WWTTC	CPEB1	0	0.0287512	1.58132	0.395329	5	TTTTC	TTTTTAT	+
WWTTC	M025_0.6	1	0.0287512	1.58132	0.395329	5	TTTTC	ATTTTTT	+
WWTTC	M330_0.6	0	0.0581253	3.19689	0.639378	5	TTTTC	TTTTATTTT	+
WWTTC	M136_0.6	0	0.076391	4.20151	0.700251	5	TTTTC	ATTGCACA	+
AHTWG	M036_0.6	2	0.0442166	2.43191	1	5	ACTTG	AATCTTG	+
AHTWG	M037_0.6	1	0.0547002	3.00851	1	5	ACTTG	AGCTTGC	+
AHTWG	M330_0.6	4	0.0706831	3.88757	1	5	ACTTG	TTTTATTTT	+
AHTWG	M025_0.6	0	0.0834227	4.58825	1	5	ACTTG	ATTTTTT	+
TSTGTGTG	M175_0.6	0	0.00420054	0.23103	0.23103	7	TGTGTGTG	AGTGTGA	+
TSTGTGTG	M120_0.6	-1	0.0122071	0.671391	0.335695	7	TGTGTGTG	GTTTGGG	+
TSTGTGTG	HUR_motif2	0	0.0371754	2.04465	0.617903	7	TGTGTGTG	TTTGTTT	+
TSTGTGTG	M298_0.6	0	0.0626862	3.44774	0.617903	6	TGTGTGTG	TGCATG	+
TSTGTGTG	M117_0.6	0	0.0685685	3.77127	0.617903	7	TGTGTGTG	GTGGTGT	+
TSTGTGTG	M054_0.6	-1	0.074136	4.07748	0.617903	7	TGTGTGTG	GCGCGCG	+
TSTGTGTG	M122_0.6	0	0.0820278	4.51153	0.617903	8	TGTGTGTG	AGAGTATA	+
WTWGT	HUR_motif2	0	0.0025609	0.14085	0.14085	5	TTTGT	TTTGTTT	+
WTWGT	M120_0.6	1	0.0169551	0.932533	0.34647	5	TTTGT	GTTTGGG	+
WTWGT	M175_0.6	0	0.0268505	1.47678	0.34647	5	TTTGT	AGTGTGA	+
WTWGT	Urich	0	0.0415463	2.28505	0.34647	5	TTTGT	TTTTTTTT	+
WTWGT	ARE	0	0.0432987	2.38143	0.34647	5	TTTGT	TTTATTTATT	+
WTWGT	CPEB1	0	0.0440962	2.42529	0.34647	5	TTTGT	TTTTTAT	+
WTWGT	M025_0.6	1	0.0440962	2.42529	0.34647	5	TTTGT	ATTTTTT	+
WTWGT	M227_0.6	2	0.07671	4.21905	0.52172	5	TTTGT	CTTTTCT	+
ACACACAC	M027_0.6	0	1.9383e-05	0.00106606	0.00106606	7	ACACACAC	ACACACA	+
ACACACAC	M140_0.6	-1	0.0143164	0.787402	0.393701	7	ACACACAC	CAGACAG	+
ACACACAC	M147_0.6	-1	0.0538109	2.9596	0.716379	7	ACACACAC	GACAGAT	+
ACACACAC	M262_0.6	1	0.0589643	3.24303	0.716379	6	ACACACAC	TACTAAC	+
ACACACAC	M062_0.6	0	0.0651254	3.5819	0.716379	7	ACACACAC	AGAAAAA	+
ACACACAC	M106_0.6	0	0.0801994	4.41097	0.735162	8	ACACACAC	CAGGACAA	+
TWCTKT	Urich	1	0.0106366	0.585014	0.201378	6	TTCTGT	TTTTTTTT	+
TWCTKT	M025_0.6	1	0.0111789	0.614838	0.201378	6	TTCTGT	ATTTTTT	+
TWCTKT	ARE	1	0.0144862	0.79674	0.201378	6	TTCTGT	TTTATTTATT	+
TWCTKT	HUR_motif2	1	0.0148686	0.817771	0.201378	6	TTCTGT	TTTGTTT	+
TWCTKT	M350_0.6	0	0.0183071	1.00689	0.201378	6	TTCTGT	TTATTTATT	+
TWCTKT	M330_0.6	2	0.0407184	2.23951	0.373252	6	TTCTGT	TTTTATTTT	+
TWCTKT	M120_0.6	0	0.055033	3.02681	0.39538	6	TTCTGT	GTTTGGG	+
TWCTKT	M227_0.6	1	0.0575098	3.16304	0.39538	6	TTCTGT	CTTTTCT	+
TWCTKT	CPEB1	1	0.0673499	3.70424	0.411582	6	TTCTGT	TTTTTAT	+
TWCTKT	M036_0.6	1	0.0885606	4.87083	0.487083	6	TTCTGT	AATCTTG	+
CATTW	miR430	1	0.0672264	3.69745	0.999998	5	CATTA	GCACTT	+
CATTW	M330_0.6	3	0.068068	3.74374	0.999998	5	CATTA	TTTTATTTT	+
ATASA	M140_0.6	1	0.0139345	0.766399	0.401989	5	ATACA	CAGACAG	+
ATASA	M027_0.6	2	0.0170986	0.940421	0.401989	5	ATACA	ACACACA	+
ATASA	M161_0.6	1	0.0219267	1.20597	0.401989	5	ATACA	AATCCAG	+
ATASA	M160_0.6	0	0.0308141	1.69478	0.423694	5	ATACA	ATAAAAG	+
ATASA	M147_0.6	1	0.0671508	3.6933	0.738659	5	ATACA	GACAGAT	+
TTRTG	M120_0.6	2	0.0115076	0.632917	0.632917	5	TTGTG	GTTTGGG	+
TTRTG	HUR_motif2	1	0.0394668	2.17067	0.694602	5	TTGTG	TTTGTTT	+
TTRTG	M117_0.6	1	0.0505165	2.77841	0.694602	5	TTGTG	GTGGTGT	+
TTRTG	M175_0.6	1	0.0505165	2.77841	0.694602	5	TTGTG	AGTGTGA	+
TTRTG	M350_0.6	4	0.0786572	4.32614	0.865229	5	TTGTG	TTATTTATT	+

# Tomtom (Motif Comparison Tool): Version 5.0.2 compiled on Sep  5 2018 at 11:55:43
# The format of this file is described at http://meme-suite.org/doc/tomtom-output-format.html.
# tomtom -no-ssc -oc ./tomtom_5_Collapsed-used -verbosity 1 -min-overlap 5 -dist pearson -evalue -thresh 5 -norc ./dreme.txt /Share/home/zhangqf7/gongjing/zebrafish/script/zhangting/paris_RBP/motif_CISBP_RNA_narrow/Collapsed.used.meme
